date,cases_ALB,cases_BIH,cases_KSV,cases_MNE,cases_MKD,cases_SRB,deaths_ALB,deaths_BIH,deaths_KSV,deaths_MNE,deaths_MKD,deaths_SRB
2021-01-02,0.2345541733268469,0.0,0.0,0.4251172654928972,0.02207950541907861,0.21825789682707725,0.0031273889776912917,0.0,0.0,0.0,0.005759870978890073,0.004349134808300438
2021-01-03,0.19494057960942385,0.0765053805228274,0.12359850507207688,0.48243644735710806,0.06743848937783793,0.22163419884931046,0.002084925985127528,0.006858052038898871,0.002135611318739989,0.003980498740570199,0.004799892482408394,0.0042919093502964845
2021-01-04,0.15138879236453773,0.051003587015218274,0.08239900338138459,0.5524932251911435,0.061758616606988,0.25133421155336216,0.002084925985127528,0.004572034692599247,0.0014237408791599928,0.004245865323274878,0.006399856643211192,0.004349134808300438
2021-01-05,0.1708770588644103,0.09517452218427433,0.1109183128670582,0.5831430654935341,0.11591740345016271,0.26441022870726544,0.0025192855653624296,0.009525072276248433,0.0025360384410037374,0.005970748110855298,0.005879868290950282,0.004434972995306367
2021-01-06,0.18708735839877683,0.07613961774741947,0.08873465029364655,0.6712713076097583,0.15215659169234608,0.2774976909527695,0.0025019111821530334,0.007620057820998746,0.0020288307528029898,0.006687237884157934,0.00585586882853824,0.004440695541106762
2021-01-07,0.19627261565547757,0.06344968145618289,0.12822566292934687,0.682257484133732,0.14007686227828495,0.2653353736116627,0.002432413649315449,0.006350048184165621,0.002402562733582488,0.0074302643157310375,0.005679872770849933,0.004368209960968422
2021-01-08,0.20164212741876236,0.12091943182236295,0.13439096941499504,0.6839634121654049,0.1269228712133991,0.263694910482216,0.002432413649315449,0.008665094322164288,0.002440698649988559,0.007733540410250671,0.005622731193678404,0.004300084415725621
2021-01-09,0.2048874139968031,0.1232925355437597,0.11759209823812067,0.6786750352672188,0.14441676506446255,0.23073304667193903,0.0022586698172214884,0.008343963313993626,0.002135611318739989,0.007363922670054867,0.006239860227130912,0.003762573863759918
2021-01-10,0.19997915074014871,0.1329700089764281,0.15176187933796048,0.711514149876923,0.16229636456143381,0.2544386926500766,0.0022152338591979984,0.00929647054161847,0.0027362520021356113,0.008160022418168907,0.005999865603010492,0.004206071163290555
2021-01-11,0.19689519772048092,0.11384366384572125,0.13461025093432996,0.7212663717913199,0.15437654196545997,0.25625560094170213,0.002345541733268469,0.0075819575318937515,0.002602776294714362,0.007960997481140398,0.006299858883161017,0.00407731388278166
2021-01-12,0.21735353394954476,0.1354465277682527,0.15323011211959423,0.7379844665017148,0.17927598421795352,0.24805805408263581,0.0023021057752449785,0.009220269963408483,0.0028697277095568606,0.007562947607083377,0.005819869634920177,0.003934250237771777
2021-01-13,0.2193950239766488,0.12481654710795945,0.14862520021356113,0.7535084115899385,0.17285612802273229,0.24253579738525435,0.0019980540690805477,0.007162854351738821,0.002202349172450614,0.007562947607083377,0.005879868290950282,0.003705348405755965
2021-01-14,0.21657168670512195,0.1378849462709723,0.16724506139882542,0.7202712471061774,0.15947642772801887,0.22821512651976508,0.0019111821530335671,0.007620057820998746,0.002469300587293113,0.006965872795997847,0.006059864259040597,0.0034764465737401524
2021-01-15,0.21413927305580652,0.1378849462709723,0.14628937533368927,0.7105190251917805,0.17369610920715375,0.2277000973977295,0.0018243102369865868,0.007620057820998746,0.002402562733582488,0.0057717231738267875,0.006059864259040597,0.0032761574707263165
2021-01-16,0.2101431649176454,0.07966770451854188,0.12486652429257875,0.7045482770809252,0.18929575977498103,0.21589734668441418,0.0017374383209396065,0.00480063642722921,0.0020688734650293646,0.004975623425712748,0.006239860227130912,0.0031044810967144573
2021-01-17,0.2022812565153937,0.06217967181934977,0.17265082754938602,0.6953931299776137,0.16727625301193252,0.23473882873221574,0.0019111821530335671,0.004038630645129335,0.002802989855846236,0.004776598488684238,0.005279881730649233,0.003390608386734223
2021-01-18,0.19055354784905135,0.09334570830723464,0.13848104644954617,0.6711120876601354,0.1498766427632021,0.20632638883325302,0.0017374383209396065,0.005943645100379022,0.002202349172450614,0.004179523677598708,0.0055798750107997576,0.0027039028906867854
2021-01-19,0.19967509903398428,0.10477579503873276,0.14255205552589428,0.6784760103301903,0.16769624360414326,0.20053231121035275,0.0017374383209396065,0.0068199517497938775,0.0018686599038974907,0.003980498740570199,0.005459877698739548,0.0025894519746788793
2021-01-20,0.20028320244631315,0.09589842767726921,0.14355312333155365,0.6450398209094007,0.14075684704662614,0.19343635441786255,0.0016940023629161164,0.005638842787539072,0.002202349172450614,0.005572698236798278,0.005519876354769653,0.0024463883296689964
2021-01-21,0.19902355966363192,0.09669853374847408,0.16470902295782167,0.6285207511360343,0.13361700697904366,0.1845807147917508,0.0017374383209396065,0.0052197396073841405,0.00300320341697811,0.004975623425712748,0.005819869634920177,0.002374856507164055
2021-01-22,0.20245500034748765,0.09178359645392989,0.1653764014949279,0.6301129506322624,0.12827712659236432,0.18212002009758083,0.0018243102369865868,0.005486441631119097,0.0036705819540843567,0.004975623425712748,0.005759870978890073,0.002317631049160102
2021-01-23,0.20875321426089372,0.09178359645392989,0.14562199679658303,0.6366807735542033,0.12491720185467844,0.17828591441131597,0.001954618111057057,0.005486441631119097,0.003203416978109984,0.004975623425712748,0.005819869634920177,0.002289018320158125
2021-01-24,0.21969907568281324,0.09178359645392989,0.14562199679658303,0.6328992997506615,0.11429743973734988,0.17721293707374186,0.001954618111057057,0.005486441631119097,0.003203416978109984,0.004975623425712748,0.005339880386679338,0.002231792862154172
2021-01-25,0.2224789769963166,0.11933010547684035,0.17004805125467165,0.6376758982393458,0.10673760907755665,0.18016004816094544,0.0020414900271040377,0.006934252617108859,0.0037373198077949813,0.004975623425712748,0.005339880386679338,0.0022174864976531837
2021-01-26,0.24797588435610535,0.09330760801812964,0.17004805125467165,0.6884272571816158,0.13013708492929757,0.18734184314044156,0.0022152338591979984,0.0051435390291741535,0.0037373198077949813,0.006169773047883808,0.005819869634920177,0.0021888737686512074
2021-01-27,0.2605723121829175,0.09452681726948944,0.1915376401494928,0.7158926984915502,0.12977709299311696,0.18950210418009078,0.0022586698172214884,0.00510543874006916,0.004538174052322477,0.006766847858969337,0.005699872322859968,0.0021888737686512074
2021-01-28,0.2699979150740149,0.09437441611306946,0.17191671115856913,0.7381834914387433,0.14567673684109475,0.18872956049703743,0.0025627215233859197,0.005257839896489134,0.003937533368926855,0.006368797984912317,0.005519876354769653,0.0022174864976531837
2021-01-29,0.2794669539231357,0.08728776233954064,0.17471970101441536,0.7620664838821645,0.1425568067275293,0.18971669964760562,0.0026930293974563903,0.0054483413420141034,0.003603844100373732,0.007562947607083377,0.005219883074619128,0.0021888737686512074
2021-01-30,0.2865035791229411,0.07913430047107198,0.15543246129204485,0.7403727657460569,0.14363678253607118,0.18734184314044156,0.002866773229550351,0.004724435849019222,0.0026695141484249867,0.007363922670054867,0.004799892482408394,0.0021602610396492306
2021-01-31,0.29041281534505525,0.07913430047107198,0.19360651361452216,0.742363015116342,0.13331701369889315,0.18566799849382593,0.0030405170616443116,0.004724435849019222,0.003403630539241858,0.007761972544111887,0.004559897858287974,0.002174567404150219
2021-02-01,0.29180276600180693,0.10588070342277757,0.19360651361452216,0.7276351697762322,0.12593717900719023,0.191690977948742,0.003388004725832233,0.0064389488587439404,0.003403630539241858,0.008558072292225927,0.004859891138438498,0.002174567404150219
2021-02-02,0.30935089304329694,0.08831647014537546,0.12139615589962627,0.752115237030739,0.14657671668154632,0.19712739645911753,0.0032142608937382722,0.005486441631119097,0.002135611318739989,0.009553196977368476,0.004919889794468604,0.0021602610396492306
2021-02-03,0.31491069567030366,0.0874782637850656,0.1793246129204485,0.7674401571819343,0.14093684301471646,0.19501005451297126,0.0031273889776912917,0.004724435849019222,0.0028697277095568606,0.009553196977368476,0.004859891138438498,0.0021030355816452776
2021-02-04,0.32255542428243794,0.07482896780220769,0.1612386545648692,0.7578869602045658,0.13961687258205416,0.19535340726099498,0.003431440683855723,0.0038862294887093605,0.0023358248798718635,0.008558072292225927,0.004739893826378289,0.0020171973946393478
2021-02-05,0.33132948780318294,0.08534464759518595,0.1801922050186866,0.7722167556706185,0.13829690214939186,0.2007326003133666,0.0036051845159496836,0.004419633536179272,0.0026695141484249867,0.008160022418168907,0.004619896514318079,0.0019170528431324298
2021-02-06,0.3414935019806797,0.07380025999637285,0.13627869727709557,0.7785855536555308,0.14435676640843245,0.20026049028483398,0.0038223643060671343,0.003657627754079398,0.002135611318739989,0.007164897733026357,0.004499899202257869,0.0018455210206274884
2021-02-07,0.351179720619918,0.07380025999637285,0.13627869727709557,0.8010753715397524,0.13679693574863921,0.20006020118182014,0.0039526721801376044,0.003657627754079398,0.002135611318739989,0.007164897733026357,0.004559897858287974,0.0018026019271245237
2021-02-08,0.35452428938772673,0.09921315282940367,0.15549919914575547,0.7957016982399827,0.13067707283356852,0.20855818169540719,0.003996108138161095,0.00510543874006916,0.0018686599038974907,0.007363922670054867,0.005459877698739548,0.0017024573756176057
2021-02-09,0.37076933768851206,0.08549704875160592,0.15549919914575547,0.8482442816155092,0.15563651374209217,0.21249243193317896,0.0041264160122315655,0.00419103180154931,0.0018686599038974907,0.008160022418168907,0.005339880386679338,0.0016595382821146408
2021-02-10,0.3794999652512336,0.08515414614966098,0.19160437800320343,0.8719282491219019,0.1545565379335503,0.21513910936586178,0.004560775592466467,0.004419633536179272,0.0022690870261612385,0.008558072292225927,0.005159884418589024,0.0016023128241106877
2021-02-11,0.3837566891375356,0.08744016349596061,0.1336759209823812,0.8603848027742483,0.1585164492315372,0.216111942151929,0.004908263256654388,0.0046863355599142285,0.0015349706353443673,0.008757097229254437,0.004379901890197659,0.0016023128241106877
2021-02-12,0.3840607408437,0.09807014415625386,0.16023758675920982,0.8699379997516169,0.15815645729535657,0.21704185584449323,0.004908263256654388,0.005181639318279147,0.0017351841964762414,0.010747346599539536,0.0042599045781374495,0.0016309255531126643
2021-02-13,0.3867972061991799,0.07498136895862766,0.1412840363053924,0.8573994287188207,0.16055640353656078,0.21209185372715128,0.004777955382583918,0.004038630645129335,0.001401494927923118,0.010150271788454006,0.0040799086100471345,0.0016452319176136524
2021-02-14,0.3849728959621933,0.07498136895862766,0.1412840363053924,0.8323222866532285,0.14717670324184737,0.20782855710585676,0.004734519424560428,0.004038630645129335,0.001401494927923118,0.010747346599539536,0.004379901890197659,0.0016881510111166173
2021-02-15,0.36981374661199523,0.10306128202900804,0.1956086492258409,0.8094344188949498,0.13817690483733164,0.2049958969346611,0.004647647508513448,0.0053721407638041155,0.0017351841964762414,0.012140521158739105,0.0044399005462277645,0.0017024573756176057
2021-02-16,0.36321148099242473,0.08808786841074549,0.15483182060864922,0.8185895659982613,0.15509652583782121,0.20284994225951286,0.004777955382583918,0.004648235270809235,0.0014682327816337426,0.013533695717938674,0.0034199233937159805,0.0017453764691205704
2021-02-17,0.35608798387657237,0.08907847592747534,0.15483182060864922,0.7841582518923291,0.14735669920993769,0.20933072537846054,0.004864827298630898,0.0043815332470742785,0.0014682327816337426,0.012737595969824635,0.0032999260816557706,0.0017596828336215588
2021-02-18,0.35474146917784416,0.0929266051270797,0.13854778430325682,0.7564937856453662,0.1462767234013958,0.216097635787428,0.004951699214677878,0.0041529315124443165,0.001401494927923118,0.012936620906853144,0.0035399207057761903,0.001773989198122547
2021-02-19,0.3532646466050455,0.09197409789945486,0.15756807261078484,0.7306205438316599,0.14591673146521517,0.2251392581520526,0.005168879004795329,0.0042291320906543035,0.0017351841964762414,0.012538571032796125,0.0042599045781374495,0.0017596828336215588
2021-02-20,0.35734762665925357,0.08134411723916161,0.10978376935397757,0.7143004989953221,0.15077662260365368,0.23249272950556057,0.0052991868788658,0.0037338283322893855,0.001201281366791244,0.011742471284682086,0.004559897858287974,0.0017453764691205704
2021-02-21,0.35873757731600525,0.08134411723916161,0.178523758675921,0.7003687534033264,0.14477675700064319,0.24531123209844607,0.0053426228368892905,0.0037338283322893855,0.002135611318739989,0.013533695717938674,0.005219883074619128,0.0017596828336215588
2021-02-22,0.3566092153728542,0.12416884219317456,0.178523758675921,0.6914126312370434,0.1413568336069272,0.2677722243649977,0.005472930710959761,0.0051435390291741535,0.002135611318739989,0.013334670780910165,0.005219883074619128,0.0017310701046195822
2021-02-23,0.3672944610466328,0.11571057801186595,0.14155098772023492,0.731416643579774,0.16895621538077546,0.29532628239390113,0.005603238585030231,0.00449583411438926,0.00200213561131874,0.013931745591995694,0.005219883074619128,0.0017310701046195822
2021-02-24,0.37685037181180064,0.12725496561067906,0.18025894287239722,0.7646538080635351,0.19055573155161323,0.3189317838205318,0.005776982417124192,0.004419633536179272,0.0022690870261612385,0.013135645843881655,0.005699872322859968,0.0017453764691205704
2021-02-25,0.37298457154771003,0.14207597807252162,0.2094233849439402,0.7978909725472962,0.2046554157186879,0.33496921842613964,0.005907290291194662,0.0043053326688642915,0.002602776294714362,0.014130770529024204,0.006059864259040597,0.0017310701046195822
2021-02-26,0.364471123775106,0.1464575113195959,0.21930058729311266,0.8221720148647745,0.21527517783601646,0.34609957000790853,0.006037598165265133,0.0041529315124443165,0.002602776294714362,0.013533695717938674,0.006059864259040597,0.0017453764691205704
2021-02-27,0.36077906734310927,0.1311411950993884,0.20028029898558464,0.8398852342603119,0.23387476120534897,0.35436864868947976,0.006037598165265133,0.003505226597659423,0.0022690870261612385,0.013334670780910165,0.005339880386679338,0.0017596828336215588
2021-02-28,0.3520484397803878,0.1311411950993884,0.20028029898558464,0.8440647579379106,0.22535495204907408,0.35961908446134244,0.006211341997359093,0.003505226597659423,0.0022690870261612385,0.012737595969824635,0.005399879042709443,0.0017453764691205704
2021-03-01,0.33380533741052193,0.1311411950993884,0.13154030966364122,0.8534189299782505,0.22409498027244187,0.3732244371017823,0.0065153937035235246,0.003505226597659423,0.0013347570742124934,0.012936620906853144,0.004859891138438498,0.0017453764691205704
2021-03-02,0.32742025158106886,0.16866997986780724,0.2539375333689269,0.8902385433285249,0.26027416985859514,0.39040638086746926,0.006689137535617485,0.0049149372945441906,0.0029364655632674853,0.013135645843881655,0.004499899202257869,0.001773989198122547
2021-03-03,0.32003613871707554,0.18310998943859985,0.27449279231179924,0.9003888151169789,0.2778537760754159,0.40183716610375886,0.006949753283758426,0.005334040474699122,0.00300320341697811,0.012339546095767616,0.0042599045781374495,0.0017882955626235353
2021-03-04,0.31247828202098826,0.19579738571056277,0.2191671115856914,0.8852629199028121,0.27821376801159653,0.4076455500911601,0.006993189241781916,0.0056769430766440655,0.0025360384410037374,0.012538571032796125,0.00401990995401703,0.0017882955626235353
2021-03-05,0.30353047466814925,0.19061574639228362,0.22944474105712762,0.8858599947138976,0.2937534199233937,0.41455552414513747,0.006993189241781916,0.006324647991428959,0.0026695141484249867,0.012140521158739105,0.00389991264195682,0.0018169082916255118
2021-03-06,0.29749287650288414,0.17274671080204157,0.27689535504538176,0.8852629199028121,0.30419318607263196,0.4171306697553154,0.007036625199805406,0.0059817453894840155,0.003203416978109984,0.012936620906853144,0.003959911297986925,0.0018312146561265002
2021-03-07,0.29023907151296124,0.17274671080204157,0.27689535504538176,0.884068770280641,0.2808537088769211,0.4147272005191493,0.007123497115852387,0.0059817453894840155,0.003203416978109984,0.013533695717938674,0.00413990726607724,0.0019027464786314416
2021-03-08,0.2785547988046424,0.2404890248307204,0.3526428190069407,0.8671516506332178,0.2815136940932523,0.4330679598094163,0.006949753283758426,0.008610665337728583,0.004204484783769354,0.016320044836337814,0.00413990726607724,0.0019456655721344063
2021-03-09,0.27269094447147124,0.28815248650106756,0.3526428190069407,0.8995927153688649,0.3197928366404592,0.44890510531201033,0.006645701577593995,0.010439479214768281,0.004204484783769354,0.015324920151195263,0.005039887106528813,0.0020028910301383594
2021-03-10,0.2613541594273403,0.2500902976851788,0.2951815269620929,0.913325436023832,0.33095258666205873,0.45509976114093825,0.006558829661547015,0.009029768517883514,0.0038707955152162306,0.015324920151195263,0.0055798750107997576,0.002074422852643301
2021-03-11,0.2505386058794913,0.267006826047796,0.2572744260544581,0.902777114361321,0.339652391786424,0.4628108916069709,0.0063416498714295635,0.00899166822877852,0.003603844100373732,0.016320044836337814,0.0065398535072814365,0.0021888737686512074
2021-03-12,0.2433282368475919,0.27691290121509443,0.3481713828083289,0.9055634634797202,0.34847219422284936,0.47428459593676353,0.006167906039335603,0.009372671119828457,0.004538174052322477,0.015523945088223775,0.0068998454434620665,0.002317631049160102
2021-03-13,0.2397664882896657,0.2532526216808933,0.3087293112653497,0.9017819896761784,0.3598119402125392,0.4745850295912843,0.005776982417124192,0.008305863024888633,0.0040710090763481045,0.014727845340109734,0.007439833347733011,0.0024177756006670196
2021-03-14,0.23438042949475293,0.2532526216808933,0.2315803523758676,0.8868551193990402,0.34883218615903,0.484699629293483,0.005516366668983251,0.008305863024888633,0.003203416978109984,0.013931745591995694,0.00803981990803406,0.0025322265166749258
2021-03-15,0.22239210508026963,0.3550184938803316,0.34616924719701014,0.87352044861813,0.3460122493256151,0.5074753615790564,0.0052557509208423095,0.013563702921377768,0.00500533902829685,0.013732720654967185,0.008699805124365214,0.0026466774326828323
2021-03-16,0.21335742581138367,0.34846524415427266,0.30732781633742656,0.8974034410615512,0.38699133139417674,0.5233554261751533,0.0052557509208423095,0.012954098295697868,0.004538174052322477,0.013135645843881655,0.009479787652756578,0.0028469665356966683
2021-03-17,0.205408645493085,0.3665628814791447,0.30732781633742656,0.8856609697768691,0.412310764238881,0.5358019632910132,0.0053426228368892905,0.01245879453733295,0.004538174052322477,0.015324920151195263,0.009599784964816787,0.0030186429097085275
2021-03-18,0.20362777121412187,0.3901088601460308,0.2423918846769888,0.8591906531520773,0.4305503556720329,0.5466175748537603,0.0052123149628188195,0.013220800319432824,0.003270154831820609,0.015523945088223775,0.009539786308786683,0.003147400190217422
2021-03-19,0.19893668774758494,0.3942236913693701,0.37286438868126,0.8464530571822527,0.43367028578559835,0.556775093649462,0.0052123149628188195,0.013830404945112723,0.005205552589428724,0.014130770529024204,0.009539786308786683,0.0032189320127223634
2021-03-20,0.19190006254777955,0.3496463531165274,0.2819674319273892,0.8303320372829434,0.4595297065345736,0.5570469145749808,0.004995135172701369,0.01245879453733295,0.004271222637479978,0.015324920151195263,0.010079774213057627,0.003290463835227305
2021-03-21,0.1902060601848634,0.3496463531165274,0.2819674319273892,0.8054539201543797,0.4362502279948929,0.5590498056051191,0.004647647508513448,0.01245879453733295,0.004271222637479978,0.015324920151195263,0.010379767493208151,0.0034335274802371877
2021-03-22,0.17678434915560495,0.4749963042719568,0.2819674319273892,0.7851533765774716,0.43091034760821356,0.5668181615291558,0.004343595802349017,0.018745342239656914,0.004271222637479978,0.015722970025252282,0.011039752709539306,0.003533672031744106
2021-03-23,0.1663597192299673,0.4387248290440028,0.16737853710624667,0.7867455760736998,0.47710931275139434,0.5788498140744869,0.004169851970255056,0.01604022171320236,0.002469300587293113,0.016718094710394833,0.011279747333659726,0.003648122947752012
2021-03-24,0.16518694836333309,0.4480975001638312,0.38921516284036306,0.7662460075597632,0.49786884773781065,0.5802232250665817,0.0040829800542080755,0.016383124315147303,0.0058729311265349705,0.014528820403081224,0.01085975674144899,0.003733961134757942
2021-03-25,0.16631628327194384,0.4572034692599247,0.38921516284036306,0.7439552146125701,0.4961288867129376,0.5770758248763643,0.003996108138161095,0.01798333645755704,0.0058729311265349705,0.012140521158739105,0.011159750021599515,0.003791186592761895
2021-03-26,0.16019181319063172,0.4625756100237289,0.38921516284036306,0.7143004989953221,0.508308613887049,0.500594000254081,0.003735492390020154,0.01870724195055192,0.0058729311265349705,0.011145396473596556,0.012239725830141403,0.0033619956577322463
2021-03-27,0.1571947320870109,0.4074825919779079,0.2587426588360918,0.6866360327483593,0.5275681824727125,0.5637852122549463,0.0035617485579261935,0.017030829229932196,0.003937533368926855,0.011344421410625066,0.013079707014562873,0.0040343947892786955
2021-03-28,0.15606539717840015,0.4074825919779079,0.2587426588360918,0.6569813171311113,0.49210897675892057,0.5523687333831576,0.0033445687678087424,0.017030829229932196,0.003937533368926855,0.010150271788454006,0.013619694918833818,0.004148845705286602
2021-03-29,0.13982034887761483,0.5505491775671594,0.542845702082221,0.6380739481134028,0.4717094337086849,0.4918241988149752,0.003431440683855723,0.0249175890746659,0.006673785371062467,0.011344421410625066,0.014579673415315497,0.0036624293122530004
2021-03-30,0.13808291055667524,0.4963324661707533,0.5930325680726107,0.6356856488690606,0.520968330309401,0.5664175833231281,0.0035617485579261935,0.022136267970001355,0.007608115323011212,0.011543446347653575,0.01475966938340581,0.004349134808300438
2021-03-31,0.14377302105775244,0.5059718393143167,0.5930325680726107,0.6173753546624378,0.548387716115159,0.5611528411867643,0.003431440683855723,0.022631571728366273,0.007608115323011212,0.010747346599539536,0.015179659975616546,0.004377747537302415
2021-04-01,0.13947286121342692,0.5001043947921476,0.46095835557928455,0.6016523846371855,0.551807639508875,0.5541856416747831,0.0030405170616443116,0.023164975775836188,0.005405766150560598,0.012339546095767616,0.015899643847977804,0.004377747537302415
2021-04-02,0.13356557092223226,0.5073053494329914,0.46095835557928455,0.5801576914381065,0.5549275696224404,0.5484630958743878,0.0027364653554798803,0.023584078955991118,0.005405766150560598,0.013135645843881655,0.01715961562461001,0.0044206666308053795
2021-04-03,0.12887448745569532,0.43609590909575824,0.46095835557928455,0.5690122949645099,0.5534276032216878,0.6075913003569724,0.0027799013135033704,0.020688456984011595,0.005405766150560598,0.013732720654967185,0.017879599496971266,0.004964308481842934
2021-04-04,0.12552991868788657,0.43609590909575824,0.46095835557928455,0.5546824994984572,0.5182083921320162,0.5157730529896296,0.0026495934394329,0.020688456984011595,0.005405766150560598,0.012737595969824635,0.017879599496971266,0.004392053901803403
2021-04-05,0.11558308430050733,0.5479202576189148,0.46095835557928455,0.5288092576847508,0.4937289404717334,0.5131549882859487,0.0027799013135033704,0.027927511913960403,0.005405766150560598,0.014329795466052715,0.018119594121091688,0.004392053901803403
2021-04-06,0.10932830634512473,0.4464972880214215,0.39382007474639613,0.5198531355184679,0.5511476542925439,0.5760743793612951,0.002910209187573841,0.02381268069062108,0.00600640683395622,0.013931745591995694,0.018359588745212107,0.004964308481842934
2021-04-07,0.10724338035999721,0.4417347518832973,0.3893486385477843,0.4929847690196191,0.5530076126294771,0.4849714502190018,0.0027799013135033704,0.023355477221361155,0.00600640683395622,0.013533695717938674,0.019439564553753994,0.0044206666308053795
2021-04-08,0.10216137327124887,0.4269137394214547,0.4474773091297384,0.4673105521429413,0.5321280803310006,0.46376941802853716,0.0026930293974563903,0.02350787837778113,0.006807261078483716,0.014130770529024204,0.01961956052184431,0.004463585724308344
2021-04-09,0.09942490791576898,0.4039773653802485,0.3208088627869728,0.44382560957357714,0.5184483867561366,0.4436689759046486,0.0027364653554798803,0.02373648011241109,0.005072076882007475,0.013533695717938674,0.020399543050235672,0.004492198453310321
2021-04-10,0.10046737090833274,0.321909342648092,0.3208088627869728,0.4237240909336976,0.5050086878053931,0.4183753234669013,0.0027364653554798803,0.020383654671171644,0.005072076882007475,0.013732720654967185,0.019319567241693786,0.004520811182312298
2021-04-11,0.09599346723191327,0.321909342648092,0.3208088627869728,0.4074040460973598,0.46258963799210895,0.39833210680101677,0.0026495934394329,0.020383654671171644,0.005072076882007475,0.013931745591995694,0.01937956589772389,0.004477892088809332
2021-04-12,0.08630724859267495,0.42748524375802965,0.3208088627869728,0.37814738035416884,0.43001036776776197,0.3934822492351817,0.002432413649315449,0.027584609312015458,0.005072076882007475,0.015125895214166754,0.019319567241693786,0.004506504817811309
2021-04-13,0.08500416985197025,0.31566089523487306,0.4628937533368927,0.3787444551652544,0.47968925496068887,0.3915651963920493,0.0022586698172214884,0.02034555438206665,0.007474639615589963,0.014727845340109734,0.018719580681392737,0.004449279359807356
2021-04-14,0.0878709430815206,0.3377971632048744,0.3256807261078484,0.36401660982514467,0.46108967159135633,0.3737680789528199,0.002084925985127528,0.0224791705719463,0.0058729311265349705,0.015722970025252282,0.017999596809031477,0.0044206666308053795
2021-04-15,0.08409201473347695,0.3225951478519819,0.2799652963160705,0.3449102158704077,0.4363702253069531,0.3645547802141834,0.0019111821530335671,0.021717164789846425,0.004938601174586226,0.015523945088223775,0.017039618312549798,0.004320522079298461
2021-04-16,0.07809785252623531,0.3110126599640638,0.29651628403630537,0.32620187178972776,0.42107056801927634,0.3534101222679135,0.0017374383209396065,0.021793365368056414,0.006206620395088094,0.015125895214166754,0.01679962368842938,0.0042919093502964845
2021-04-17,0.07214712627701717,0.2692547431049907,0.29651628403630537,0.3132652508828746,0.40007103840873964,0.34165029064810115,0.0015636944888456458,0.018669141661446925,0.006206620395088094,0.014528820403081224,0.016139638472098223,0.004220377527791543
2021-04-18,0.06250434359580234,0.2692547431049907,0.35404431393486385,0.301721804535221,0.35621202085073295,0.32750129615662377,0.0013899506567516852,0.018669141661446925,0.007474639615589963,0.012737595969824635,0.015659649223857385,0.0041631520697875905
2021-04-19,0.056510181388560704,0.35155136757177713,0.35404431393486385,0.28380956020265513,0.323092762722115,0.32567008150049725,0.0013030787407047049,0.024384185027195984,0.007474639615589963,0.012936620906853144,0.01499966400752623,0.0041631520697875905
2021-04-20,0.05750920842310098,0.273483875195645,0.39682327816337426,0.29356178211705214,0.35765198859545544,0.32567008150049725,0.0013899506567516852,0.020497955538486625,0.00914308595835558,0.011941496221710595,0.014819668039435916,0.00407731388278166
2021-04-21,0.05333935645284592,0.3206901333967322,0.25473838761345435,0.2796300365250564,0.3273526673002525,0.31554117543379756,0.0013899506567516852,0.02266967201747127,0.006740523224773092,0.010548321662511026,0.016019641160038015,0.004105926611783637
2021-04-22,0.05016853151713114,0.30476421255084485,0.23424986652429258,0.26430511637386117,0.30659313231383617,0.30931790687586763,0.0014333866147751755,0.019888350912806725,0.005672717565403097,0.009155147103311456,0.016379633096218645,0.004063007518280672
2021-04-23,0.04960386406282577,0.267387828938846,0.23424986652429258,0.25992656775923395,0.28253367124576406,0.30092007091378753,0.0013899506567516852,0.01908824484160186,0.005672717565403097,0.008956122166282946,0.016259635784158434,0.004048701153779684
2021-04-24,0.04786642574188616,0.218657559173559,0.15957020822210358,0.2575382685148918,0.261894133571408,0.28978971933201864,0.0015202585308221558,0.015811619978572396,0.003603844100373732,0.008359047355197416,0.01571964787988749,0.003948556602272766
2021-04-25,0.046954270623392864,0.218657559173559,0.22083555792845702,0.25534899420757823,0.23129481899605447,0.27708566765514103,0.0016505664048926262,0.015811619978572396,0.004871863320875601,0.007562947607083377,0.01547965325576707,0.003905637508769801
2021-04-26,0.043957189519772046,0.26582571708554126,0.16330752802989856,0.24440262267101018,0.2146751912757154,0.27591254576606,0.0016071304468691361,0.021412362477006477,0.003603844100373732,0.008757097229254437,0.016259635784158434,0.0038054929572628833
2021-04-27,0.04526026826047675,0.212523412627655,0.16330752802989856,0.24579579723020975,0.23357476792519846,0.2693459244601064,0.0015636944888456458,0.018288138770396988,0.003603844100373732,0.007960997481140398,0.0158396451919477,0.0037196547702569535
2021-04-28,0.044174369309889494,0.2096277906556755,0.12052856380138814,0.23604357531581277,0.214435196651595,0.2575145610177891,0.0014333866147751755,0.016726026917092247,0.0019353977576081153,0.008757097229254437,0.015779646535917593,0.0036338165832510236
2021-04-29,0.04330565014941969,0.1810144735378252,0.12052856380138814,0.2406211488674685,0.20303545200587506,0.2452540066404421,0.0013465146987281951,0.016383124315147303,0.0019353977576081153,0.009553196977368476,0.01571964787988749,0.0034621402092391645
2021-04-30,0.04217631524080895,0.15583018243942434,0.061265349706353445,0.23922797430826892,0.18875577187071008,0.22943116750234907,0.0013030787407047049,0.014744811883632573,0.0012680192205018687,0.008757097229254437,0.01559965056782728,0.0033190765642292816
2021-05-01,0.0397439015914935,0.14203787778341662,0.061265349706353445,0.2326601513863281,0.17225614146243123,0.21498173935635093,0.0012596427826812148,0.013258900608537818,0.0012680192205018687,0.008956122166282946,0.015779646535917593,0.0031760129192193987
2021-05-02,0.03600840920147334,0.14203787778341662,0.061265349706353445,0.2229079294719311,0.14465675968858296,0.19954517205978456,0.0010858989505872542,0.013258900608537818,0.0012680192205018687,0.008359047355197416,0.01715961562461001,0.003047255638710504
2021-05-03,0.03209917297935923,0.14203787778341662,0.0,0.2105683833761635,0.12953709836899652,0.19316453349234378,0.0009121551184932934,0.013258900608537818,0.0,0.008956122166282946,0.017039618312549798,0.002932804722702598
2021-05-04,0.03131732573493641,0.1330462095546381,0.0,0.20579178488747926,0.12851712121648473,0.1833932865381688,0.0009990270345402738,0.013830404945112723,0.0,0.008558072292225927,0.016679626376369168,0.0028469665356966683
2021-05-05,0.02966675933004378,0.12001591068073024,0.0,0.19902493702850993,0.12089729190066142,0.1727636577139345,0.0008687191604698032,0.012115891935388005,0.0,0.008558072292225927,0.01643963175224875,0.00274682198418975
2021-05-06,0.028276808673292096,0.11334836008735634,0.13187399893219434,0.19146198942142653,0.11351745720895852,0.16171914431917153,0.0008687191604698032,0.011353886153288131,0.004604911906033102,0.008160022418168907,0.01619963712812833,0.0026752901616848086
2021-05-07,0.026061574814094098,0.10770951729981727,0.14321943406300053,0.1761370692702313,0.10151772600293753,0.1512754982334501,0.0008252832024463131,0.010591880371188257,0.004871863320875601,0.008160022418168907,0.014939665351496125,0.002603758339179867
2021-05-08,0.025236291611647785,0.085039845282346,0.14321943406300053,0.16877314660017642,0.0914379517898799,0.128199332293356,0.0007384112863993328,0.009105969096093501,0.004871863320875601,0.008160022418168907,0.013439698950743503,0.0022460992266551605
2021-05-09,0.023368545416637708,0.085039845282346,0.14321943406300053,0.1564336005044088,0.0866980579635016,0.13558141637586596,0.0006949753283758426,0.009105969096093501,0.004871863320875601,0.007562947607083377,0.012119728518081194,0.0024606946941699848
2021-05-10,0.022369518382097435,0.10500439677336272,0.14321943406300053,0.1484726030232684,0.08195816413712333,0.13456566449629578,0.0008252832024463131,0.01184918991165305,0.004871863320875601,0.007761972544111887,0.010379767493208151,0.0023891628716650433
2021-05-11,0.022890749878379316,0.11624398205933587,0.16631073144687666,0.14548722896784075,0.08849801764440476,0.13279167529817323,0.0009121551184932934,0.013754204366902736,0.005605979711692472,0.006965872795997847,0.010439766149238257,0.002317631049160102
2021-05-12,0.022499826256167903,0.08888797448195036,0.17385210891617725,0.14588527884189778,0.09347790609490347,0.12910063325691826,0.0009121551184932934,0.008763066494148557,0.0058729311265349705,0.006368797984912317,0.009539786308786683,0.0022174864976531837
2021-05-13,0.020458336229063866,0.0808107131916917,0.17385210891617725,0.13712818161264334,0.08141817623285239,0.1090431102265327,0.0009990270345402738,0.008458264181308607,0.0058729311265349705,0.005970748110855298,0.009119795716575948,0.0019027464786314416
2021-05-14,0.01863402599207728,0.06819951749793877,0.041978109983982916,0.13155548337584505,0.06377857136000153,0.11364975959585091,0.0009121551184932934,0.008343963313993626,0.0012680192205018687,0.005970748110855298,0.008519809156274899,0.0021030355816452776
2021-05-15,0.017417819167419555,0.05524541920224091,0.030632674853176722,0.12657985995013232,0.05651873398035884,0.10546651910128561,0.0009121551184932934,0.0072771552190538024,0.00100106780565937,0.005373673299769768,0.00779982528391364,0.002074422852643301
2021-05-16,0.015159149350198067,0.05524541920224091,0.048184730379071006,0.1224003362725336,0.04841891541629467,0.11359253413784696,0.0009121551184932934,0.0072771552190538024,0.0015349706353443673,0.004975623425712748,0.00791982259597385,0.002317631049160102
2021-05-17,0.013421711029258461,0.06846621952167373,0.049853176721836624,0.1184198375319634,0.04193906056504334,0.09477966481904737,0.0009990270345402738,0.009944175456403363,0.001601708489054992,0.004378548614627218,0.008219815876124375,0.001974278301136383
2021-05-18,0.013812634651469872,0.05555022151508086,0.049853176721836624,0.12060911183927701,0.04517898799066901,0.09146058825481809,0.0008687191604698032,0.007924860133838696,0.001601708489054992,0.003980498740570199,0.007379834691702905,0.0019170528431324298
2021-05-19,0.012683299742859127,0.050863885955166624,0.0351708489054992,0.11583251335059278,0.040139100884140196,0.08407850417230814,0.0007818472444228229,0.006629450304268909,0.0014682327816337426,0.004179523677598708,0.006839846787431961,0.0018741337496294649
2021-05-20,0.011858016540412814,0.04655855328630234,0.03130005339028297,0.10986176523973748,0.033899240657009284,0.07698254737981795,0.0007384112863993328,0.0058293442330640405,0.0013347570742124934,0.004179523677598708,0.006839846787431961,0.0018312146561265002
2021-05-21,0.011423656960177914,0.04370103160342781,0.0351708489054992,0.1062793163732243,0.0292793441426912,0.08257633589970437,0.0006515393703523524,0.005715043365749059,0.0014682327816337426,0.004179523677598708,0.0067198494753717515,0.0020171973946393478
2021-05-22,0.010294322051567169,0.038366991128728684,0.0351708489054992,0.09951246851425496,0.03023932263917288,0.06420696388043541,0.0006515393703523524,0.0048387367163342035,0.0014682327816337426,0.0031843989924561587,0.0067198494753717515,0.0017167637401185939
2021-05-23,0.010033706303426228,0.038366991128728684,0.0351708489054992,0.09354172040339966,0.0256194261248548,0.057926469864501555,0.0006515393703523524,0.0048387367163342035,0.0014682327816337426,0.002786349118399139,0.006839846787431961,0.0016166191886116759
2021-05-24,0.008687191604698033,0.047549160803032176,0.01761879337960491,0.08737194735551586,0.022139504075108715,0.05517964788031181,0.0005646674543053721,0.0064389488587439404,0.0009343299519487453,0.002587324181370629,0.007079841411552381,0.0015307810016057463
2021-05-25,0.008556883730627561,0.03897659575440859,0.02202349172450614,0.09155147103311456,0.020759534986416302,0.05287632319565269,0.000521231496281882,0.0044577338252842665,0.00100106780565937,0.002985374055427649,0.0067198494753717515,0.0015021682726037695
2021-05-26,0.007514420738063798,0.03745258419020883,0.024959957287773626,0.0903573214109435,0.01877957933742284,0.04859872020985719,0.0004777955382583918,0.004343432957969285,0.00100106780565937,0.002786349118399139,0.007439833347733011,0.0014449428145998165
2021-05-27,0.007340676905969837,0.03486176453106926,0.018085958355579284,0.08876512191471543,0.016679626376369168,0.044550019056077514,0.00039092362221141146,0.004114831223339323,0.00046716497597437266,0.002388299244342119,0.007199838723612591,0.0014020237210968516
2021-05-28,0.007253804989922857,0.031280337355199854,0.015616657768286172,0.08359047355197417,0.01679962368842938,0.04140261886586009,0.0003474876641879213,0.0043815332470742785,0.00033368926855312334,0.002189274307313609,0.0073198360356728,0.0013591046275938869
2021-05-29,0.006254777955382583,0.02625109919334068,0.011745862253069941,0.0821972989927746,0.0158396451919477,0.03972877421924446,0.0003474876641879213,0.0039243297778143536,0.000200213561131874,0.002189274307313609,0.007079841411552381,0.001316185534090922
2021-05-30,0.005776982417124192,0.02625109919334068,0.0151494927923118,0.08000802468546099,0.014459676103255286,0.03649553584202111,0.0003474876641879213,0.0039243297778143536,0.00026695141484249865,0.002189274307313609,0.0067198494753717515,0.001258960076086969
2021-05-31,0.004604211550489957,0.03284244920850459,0.015483182060864922,0.07463435138569122,0.01253971911029193,0.03623802128100332,0.00030405170616443114,0.0055245419202240905,0.00026695141484249865,0.0019902493702850994,0.006119862915070702,0.001258960076086969
2021-06-01,0.0052991868788658,0.0267464029517056,0.01675120128136679,0.07184800226729209,0.014219681479134867,0.03414929206385903,0.000260615748140941,0.004572034692599247,0.00026695141484249865,0.002189274307313609,0.005639873666829863,0.0012017346180830156
2021-06-02,0.0052991868788658,0.025108090520190866,0.01187933796049119,0.06468310453426572,0.01643963175224875,0.03233238377223352,0.00017374383209396065,0.0051435390291741535,0.00013347570742124932,0.0019902493702850994,0.005219883074619128,0.0011445091600790626
2021-06-03,0.005038571130724859,0.022631571728366273,0.009743726641751202,0.0581152816123249,0.014819668039435916,0.0299146081715665,0.00017374383209396065,0.005638842787539072,0.00013347570742124932,0.0017912244332565894,0.004739893826378289,0.0011302027955780744
2021-06-04,0.004691083466536938,0.0206503566949066,0.008675920982381206,0.05592600730501129,0.012599717766322033,0.028255069889451857,0.00017374383209396065,0.006858052038898871,0.00013347570742124932,0.002587324181370629,0.004379901890197659,0.0011015900665760977
2021-06-05,0.0038658002640906243,0.017716634433822084,0.007474639615589963,0.054333807808783205,0.011399744645719936,0.025608392456769026,0.0001303078740704705,0.0062103471241139775,0.00013347570742124932,0.002189274307313609,0.0036599180178364,0.0010729773375741211
2021-06-06,0.0035617485579261935,0.017716634433822084,0.007474639615589963,0.04896013450901344,0.010259770181147942,0.023347986865612878,8.687191604698032e-5,0.0062103471241139775,0.00013347570742124932,0.0017912244332565894,0.0034199233937159805,0.0010443646085721446
2021-06-07,0.0032576968517617623,0.021755265078951418,0.006807261078483716,0.04557671057952877,0.008939799748485633,0.023119085033597064,8.687191604698032e-5,0.007620057820998746,0.00013347570742124932,0.002189274307313609,0.002999932801505246,0.0010014455150691797
2021-06-08,0.0035617485579261935,0.01687842807351222,0.006473571809930592,0.044780610831414734,0.010139772869087732,0.02263266864056346,4.343595802349016e-5,0.007886759844733702,0.00013347570742124932,0.002388299244342119,0.002939934145475141,0.0009299136925642384
2021-06-09,0.003388004725832233,0.015964021134992373,0.0069407367859049655,0.04279036146112963,0.009899778244967312,0.022174864976531837,4.343595802349016e-5,0.0075057569536837645,0.00026695141484249865,0.002189274307313609,0.0026399408653246166,0.0009442200570652266
2021-06-10,0.0032576968517617623,0.015049614196472523,0.005739455419113721,0.04119816196490155,0.008519809156274899,0.02107327490995574,4.343595802349016e-5,0.006477049147848934,0.00026695141484249865,0.0017912244332565894,0.002339947585174092,0.0009156073280632501
2021-06-11,0.0033445687678087424,0.013144599741222836,0.004938601174586226,0.03920791259461646,0.008579807812305005,0.020415182142910278,8.687191604698032e-5,0.005600742498434078,0.00026695141484249865,0.0019902493702850994,0.0020999529610536724,0.0008726882345602852
2021-06-12,0.0033445687678087424,0.011163384707763162,0.004471436198611852,0.033834239294846684,0.008939799748485633,0.019113302973320347,8.687191604698032e-5,0.0040005303560243415,0.000200213561131874,0.0013931745591995695,0.0017399610248730428,0.0008297691410573204
2021-06-13,0.0036920564319966637,0.011163384707763162,0.007474639615589963,0.03283911460970414,0.007739826627883535,0.019013158421813427,8.687191604698032e-5,0.0040005303560243415,0.000400427122263748,0.0019902493702850994,0.0013799690886924132,0.000758237318552379
2021-06-14,0.0035617485579261935,0.013868505234217718,0.007808328884143086,0.030251790428333508,0.007379834691702905,0.019127609337821334,8.687191604698032e-5,0.0046101349817042414,0.000400427122263748,0.0019902493702850994,0.0010199771525117836,0.000758237318552379
2021-06-15,0.0036920564319966637,0.0109347829731332,0.005072076882007475,0.030649840302390527,0.008999798404515738,0.018698418402791683,8.687191604698032e-5,0.0046863355599142285,0.00033368926855312334,0.0015921994962280793,0.0008399811844214689,0.0007439309540513907
2021-06-16,0.003431440683855723,0.010477579503873275,0.006206620395088094,0.030450815365362018,0.008519809156274899,0.01792587471973832,8.687191604698032e-5,0.005638842787539072,0.00033368926855312334,0.0013931745591995695,0.0005999865603010492,0.0007153182250494142
2021-06-17,0.002866773229550351,0.01062998066029325,0.004471436198611852,0.030450815365362018,0.007439833347733011,0.017024573756176057,8.687191604698032e-5,0.0060579459676940025,0.000200213561131874,0.0015921994962280793,0.0002999932801505246,0.0006723991315464493
2021-06-18,0.0025192855653624296,0.009410771408933451,0.004471436198611852,0.02905764080616245,0.007499832003763115,0.01633786826012862,8.687191604698032e-5,0.0059817453894840155,0.000200213561131874,0.0017912244332565894,0.00035999193618062954,0.0006437864025444727
2021-06-19,0.0022152338591979984,0.008267762735783639,0.004471436198611852,0.028062516121019898,0.0065398535072814365,0.01515044000654659,4.343595802349016e-5,0.0057531436548540526,0.000200213561131874,0.0015921994962280793,0.0002999932801505246,0.000658092767045461
2021-06-20,0.0017808742789630968,0.008267762735783639,0.004471436198611852,0.029256665743190958,0.005759870978890073,0.014306364500988282,4.343595802349016e-5,0.0057531436548540526,0.000200213561131874,0.0013931745591995695,0.0002399946241204197,0.0006151736735424962
2021-06-21,0.0013465146987281951,0.01002037603461335,0.0051388147357180995,0.027067391435877348,0.005459877698739548,0.013591046275938868,4.343595802349016e-5,0.006248447413218971,6.673785371062466e-5,0.0007960997481140397,0.00035999193618062954,0.0006008673090415078
2021-06-22,0.0015202585308221558,0.008305863024888633,0.004805125467164976,0.02786349118399139,0.005999865603010492,0.012847115321887478,8.687191604698032e-5,0.0058293442330640405,6.673785371062466e-5,0.0007960997481140397,0.0002999932801505246,0.0005722545800395313
2021-06-23,0.0012162068246577245,0.008115361579363664,0.004805125467164976,0.02567421687667778,0.004619896514318079,0.012432230751358818,4.343595802349016e-5,0.0044577338252842665,6.673785371062466e-5,0.0011941496221710595,0.00035999193618062954,0.0005293354865365665
2021-06-24,0.0009990270345402738,0.007848659555628707,0.0071409503470368394,0.025873241813706288,0.004319903234167554,0.011287721591279755,4.343595802349016e-5,0.0017145130097247178,0.00033368926855312334,0.0011941496221710595,0.0005399879042709443,0.000557948215538543
2021-06-25,0.0010858989505872542,0.005867444522169034,0.0071409503470368394,0.02487811712856374,0.004199905922107345,0.010443646085721446,4.343595802349016e-5,0.001104908384044818,0.00033368926855312334,0.0009951246851425497,0.0007199838723612591,0.000557948215538543
2021-06-26,0.0010858989505872542,0.0049911378727541785,0.0071409503470368394,0.02627129168776331,0.0034199233937159805,0.009070235093626571,8.687191604698032e-5,0.0009525072276248432,0.00033368926855312334,0.0007960997481140397,0.0005999865603010492,0.000557948215538543
2021-06-27,0.001042462992563764,0.0049911378727541785,0.0071409503470368394,0.02686836649884884,0.0034199233937159805,0.008698269616600876,8.687191604698032e-5,0.0009525072276248432,0.00033368926855312334,0.0007960997481140397,0.0005399879042709443,0.0004864163930336016
2021-06-28,0.0009990270345402738,0.0067437511715838895,0.009276561665776829,0.02567421687667778,0.003119930113565456,0.009041622364624595,8.687191604698032e-5,0.0010668080949398245,0.00046716497597437266,0.0007960997481140397,0.0005399879042709443,0.0005436418510375548
2021-06-29,0.001042462992563764,0.005486441631119097,0.0058729311265349705,0.02746544130993437,0.0032999260816557706,0.00882702689710977,8.687191604698032e-5,0.0007620057820998745,0.000400427122263748,0.0009951246851425497,0.00041999059221073447,0.000557948215538543
2021-06-30,0.0010858989505872542,0.005181639318279147,0.03410304324612921,0.029455690680219467,0.0026399408653246166,0.009284830561141395,4.343595802349016e-5,0.0006477049147848934,0.000400427122263748,0.0013931745591995695,0.00041999059221073447,0.0005293354865365665
2021-07-01,0.0011293349086107442,0.004648235270809235,0.03477042178323545,0.030848865239419036,0.0026399408653246166,0.008970090542119653,4.343595802349016e-5,0.0006096046256798996,0.000400427122263748,0.0009951246851425497,0.00041999059221073447,0.0004864163930336016
2021-07-02,0.0011727708666342345,0.0042291320906543035,0.03243459690336359,0.0320430148615901,0.0026999395213547217,0.008884252355113724,4.343595802349016e-5,0.0005334040474699122,0.00013347570742124932,0.0007960997481140397,0.0002999932801505246,0.00045780366403162505
2021-07-03,0.0012162068246577245,0.0038862294887093605,0.03263481046449546,0.03403326423187519,0.002579942209294512,0.008927171448616688,4.343595802349016e-5,0.00045720346925992475,0.00013347570742124932,0.0009951246851425497,0.00011999731206020985,0.00044349729953063673
2021-07-04,0.0011293349086107442,0.0038862294887093605,0.03323545114789108,0.03164496498753308,0.002459944897234302,0.00908454145812756,0.0,0.00045720346925992475,0.00013347570742124932,0.0011941496221710595,0.00011999731206020985,0.0004148845705286602
2021-07-05,0.0010858989505872542,0.0038862294887093605,0.033435664709022955,0.029455690680219467,0.002579942209294512,0.009756940589674008,0.0,0.00045720346925992475,0.00033368926855312334,0.0019902493702850994,0.00011999731206020985,0.00040057820602767193
2021-07-06,0.0013465146987281951,0.002133616189879649,0.03196743192738922,0.031445940050504564,0.0033599247376858757,0.010128906066699703,0.0,0.00034290260194494356,0.000200213561131874,0.0019902493702850994,0.00011999731206020985,0.00031474001902174223
2021-07-07,0.001867746195010077,0.0016383124315147303,0.03230112119594234,0.03224203979861861,0.0035399207057761903,0.010558097001729352,0.0,0.0001524011564199749,0.000200213561131874,0.0017912244332565894,0.00011999731206020985,0.00028612729001976564
2021-07-08,0.0019111821530335671,0.0009525072276248432,0.004604911906033102,0.03224203979861861,0.004559897858287974,0.010457952450222435,0.0,7.620057820998745e-5,0.00026695141484249865,0.0011941496221710595,0.00011999731206020985,0.0002432081965168008
2021-07-09,0.002475849607338939,0.0005715043365749059,0.004471436198611852,0.031445940050504564,0.004859891138438498,0.010872837020751095,0.0,0.0,0.000400427122263748,0.0013931745591995695,0.00011999731206020985,0.00028612729001976564
2021-07-10,0.0026495934394329,0.0037338283322893855,0.003804057661505606,0.033237164483761156,0.004979888450498709,0.01091575611425406,0.0,0.0,0.000400427122263748,0.0013931745591995695,5.9998656030104925e-5,0.0002718209255187774
2021-07-11,0.0025192855653624296,0.0037338283322893855,0.004404698344901228,0.03224203979861861,0.005459877698739548,0.010772692469244177,0.0,0.0,0.000400427122263748,0.0011941496221710595,5.9998656030104925e-5,0.0002432081965168008
2021-07-12,0.0026930293974563903,0.00510543874006916,0.004137746930058729,0.0320430148615901,0.005519876354769653,0.011359253413784695,0.0,0.0,0.000400427122263748,0.0011941496221710595,5.9998656030104925e-5,0.00021459546751482423
2021-07-13,0.0030839530196678016,0.0063627482805339525,0.004471436198611852,0.036023513602160294,0.006419856195221227,0.011859976171319286,0.0,0.0,0.000200213561131874,0.00039804987405701983,5.9998656030104925e-5,0.0002432081965168008
2021-07-14,0.0031273889776912917,0.0072771552190538024,0.004604911906033102,0.036023513602160294,0.006479854851251332,0.01207457163883411,0.0,0.0,0.000200213561131874,0.00039804987405701983,5.9998656030104925e-5,0.00022890183201581252
2021-07-15,0.0031273889776912917,0.00838206360309862,0.004271222637479978,0.03482936397998924,0.007499832003763115,0.012832808957386489,0.0,0.0,0.000200213561131874,0.00039804987405701983,5.9998656030104925e-5,0.00021459546751482423
2021-07-16,0.0035617485579261935,0.009067868806988507,0.004471436198611852,0.03502838891701775,0.0073198360356728,0.014392202687994212,0.0,0.0,0.00013347570742124932,0.00039804987405701983,5.9998656030104925e-5,0.00020028910301383597
2021-07-17,0.0036920564319966637,0.009067868806988507,0.0040710090763481045,0.038212787909473904,0.007859823939943745,0.015193359100049555,0.0,0.0,0.0,0.0005970748110855297,0.0,0.00018598273851284767
2021-07-18,0.004300159844325526,0.005334040474699122,0.0040710090763481045,0.040402062216787514,0.008339813188184584,0.015880064596096994,0.0,0.00038100289104993725,0.0,0.0005970748110855297,0.0,0.00018598273851284767
2021-07-19,0.004560775592466467,0.006400848569638946,0.0034703683929524828,0.042193286650044105,0.00803981990803406,0.018140470187253142,0.0,0.0004953037583649185,0.0,0.0005970748110855297,0.0,0.00017167637401185938
2021-07-20,0.006211341997359093,0.0060579459676940025,0.004137746930058729,0.05313965818661215,0.007739826627883535,0.01915622206682331,0.0,0.0002667020237349561,0.0,0.00039804987405701983,0.0,0.00021459546751482423
2021-07-21,0.006732573493640976,0.0049911378727541785,0.003937533368926855,0.056324057179068306,0.008519809156274899,0.02034365032040534,0.0,0.0003048023128399498,6.673785371062466e-5,0.0005970748110855297,5.9998656030104925e-5,0.00022890183201581252
2021-07-22,0.007861908402251719,0.005562642209329084,0.00500533902829685,0.0640860297231802,0.008459810500244793,0.02181720586400713,0.0,0.00034290260194494356,6.673785371062466e-5,0.0005970748110855297,0.00011999731206020985,0.00025751456101778906
2021-07-23,0.008643755646674543,0.0058293442330640405,0.00600640683395622,0.07204702720432059,0.009059797060545844,0.02247529863105259,0.0,0.00038100289104993725,6.673785371062466e-5,0.0005970748110855297,0.00011999731206020985,0.00028612729001976564
2021-07-24,0.008947807352838974,0.0051435390291741535,0.006540309663641218,0.09374074534042817,0.010319768837178047,0.023090472304595086,0.0,0.00034290260194494356,6.673785371062466e-5,0.0005970748110855297,0.00011999731206020985,0.0003576591125247071
2021-07-25,0.009121551184932934,0.0051435390291741535,0.008075280298985585,0.10110466801048304,0.010619762117328572,0.0235625823331277,0.0,0.00034290260194494356,6.673785371062466e-5,0.00019902493702850992,0.00011999731206020985,0.00034335274802371876
2021-07-26,0.008904371394815484,0.008001060712048683,0.008542445274959957,0.10846859068053791,0.009839779588937208,0.02522212061524234,0.0,0.000419103180154931,6.673785371062466e-5,0.0007960997481140397,0.0002399946241204197,0.00031474001902174223
2021-07-27,0.009773090555285286,0.008001060712048683,0.011145221569674318,0.13175450831287358,0.01157974061381025,0.026123421578804602,0.0,0.0006477049147848934,6.673785371062466e-5,0.0007960997481140397,0.0002399946241204197,0.00034335274802371876
2021-07-28,0.009208423100979914,0.008610665337728583,0.01401494927923118,0.14747747833812586,0.014399677447225182,0.028169231702445927,4.343595802349016e-5,0.0006477049147848934,6.673785371062466e-5,0.0007960997481140397,0.0002399946241204197,0.00028612729001976564
2021-07-29,0.010250886093543679,0.010096576612823338,0.018486385477843034,0.16718094710394835,0.01559965056782728,0.02908483903050918,4.343595802349016e-5,0.0005715043365749059,0.0,0.0009951246851425497,0.00017999596809031477,0.00025751456101778906
2021-07-30,0.010381193967614149,0.0103251783474533,0.02128937533368927,0.18310294206622912,0.019079572617573367,0.030873134593132713,4.343595802349016e-5,0.0005334040474699122,0.0,0.0009951246851425497,0.0002399946241204197,0.0002432081965168008
2021-07-31,0.010989297379943011,0.008953567939673526,0.02616123865456487,0.1986268871544529,0.021779512138928085,0.03224654558522759,4.343595802349016e-5,0.00045720346925992475,0.0,0.0011941496221710595,0.0002399946241204197,0.00022890183201581252
2021-08-01,0.011640836750295364,0.008953567939673526,0.03156700480512547,0.20519471007639373,0.023879465099981758,0.033019089268280954,4.343595802349016e-5,0.00045720346925992475,0.0,0.0011941496221710595,0.0002399946241204197,0.00021459546751482423
2021-08-02,0.011771144624365834,0.01390660552332271,0.03310197544046983,0.20977228362804945,0.025679424780884908,0.03569437942996576,4.343595802349016e-5,0.0005334040474699122,0.0,0.0013931745591995695,0.0002999932801505246,0.00025751456101778906
2021-08-03,0.013899506567516852,0.012573095404647931,0.039508809396689805,0.23803382468609788,0.02741938580575795,0.03831244413364662,4.343595802349016e-5,0.00045720346925992475,0.0,0.0007960997481140397,0.00017999596809031477,0.00031474001902174223
2021-08-04,0.016853151713114183,0.01623072315872733,0.051454885210891615,0.26032461763329096,0.03497921646555117,0.04113079794034131,4.343595802349016e-5,0.00011430086731498119,0.0,0.0011941496221710595,0.00035999193618062954,0.0003004336545207539
2021-08-05,0.02128361943151018,0.017716634433822084,0.0605979711692472,0.2752514879104292,0.04529898530272922,0.04466446997208542,0.0,0.00011430086731498119,6.673785371062466e-5,0.0015921994962280793,0.0005999865603010492,0.00034335274802371876
2021-08-06,0.025714087149906178,0.018897743396076888,0.0738788040576615,0.301721804535221,0.06155862108688765,0.04855580111635423,4.343595802349016e-5,0.00019050144552496863,6.673785371062466e-5,0.0011941496221710595,0.0006599852163311541,0.0003290463835227305
2021-08-07,0.030144554868302174,0.01718323038635217,0.09269887880405767,0.3299833455932695,0.07967821520797934,0.05186057131608252,8.687191604698032e-5,0.0001524011564199749,0.00013347570742124932,0.0011941496221710595,0.0005999865603010492,0.0003290463835227305
2021-08-08,0.03609528111752033,0.01718323038635217,0.10451147891083823,0.3572497619661753,0.0986977891695226,0.05413528327173966,8.687191604698032e-5,0.0001524011564199749,0.00013347570742124932,0.0009951246851425497,0.0008399811844214689,0.0003576591125247071
2021-08-09,0.03735492390020154,0.025222391387505847,0.11538974906567005,0.36620588413245825,0.10271769912353963,0.0605588409326834,0.0001303078740704705,0.0002667020237349561,0.00013347570742124932,0.0011941496221710595,0.0009599784964816788,0.0003576591125247071
2021-08-10,0.04582493571478212,0.026327299771550666,0.14969300587293113,0.4139718690193006,0.1304970768654782,0.06636722492008464,0.0001303078740704705,0.00019050144552496863,0.00026695141484249865,0.0011941496221710595,0.0011399744645719935,0.00034335274802371876
2021-08-11,0.05542428243797345,0.03162323995714479,0.20161505605979713,0.4398451108330069,0.16355633633806602,0.07347748807707581,0.0001303078740704705,0.00019050144552496863,0.00033368926855312334,0.0015921994962280793,0.001619963712812833,0.00034335274802371876
2021-08-12,0.06302557509208423,0.03375685614702444,0.25420448478376934,0.46611640252077025,0.19205569795236585,0.08057344486956601,0.0001303078740704705,0.00034290260194494356,0.00046716497597437266,0.0013931745591995695,0.0017999596809031477,0.0003290463835227305
2021-08-13,0.0737542567238863,0.039814802114718446,0.3164709022957822,0.4929847690196191,0.21869510122973243,0.08762648256855322,0.00017374383209396065,0.00045720346925992475,0.000600640683395622,0.0009951246851425497,0.0018599583369332527,0.00037196547702569535
2021-08-14,0.08509104176801723,0.03695728043184392,0.38981580352375866,0.5158726367778977,0.24647447897167102,0.09393558931348907,0.0002171797901174508,0.00038100289104993725,0.0006673785371062467,0.0013931745591995695,0.002399946241204197,0.00042919093502964846
2021-08-15,0.0962975189380777,0.03695728043184392,0.43946876668446344,0.5479156516394879,0.272213902408586,0.09726897224221934,0.0002171797901174508,0.00038100289104993725,0.0008675920982381207,0.0017912244332565894,0.002939934145475141,0.00045780366403162505
2021-08-16,0.09707936618250051,0.05581692353881581,0.47090229578216763,0.551498100506001,0.265914043525425,0.10915756114254059,0.00030405170616443114,0.0007620057820998745,0.00100106780565937,0.002189274307313609,0.0031799287695955607,0.0005007227575345898
2021-08-17,0.11367190214747376,0.058293442330640405,0.5711425520555259,0.6187685292216374,0.3172728930871948,0.11962981995726402,0.0003474876641879213,0.000838206360309862,0.0013347570742124934,0.002985374055427649,0.00389991264195682,0.0004864163930336016
2021-08-18,0.12483494335951073,0.06823761778704376,0.6744527495995729,0.6591705914384248,0.3508721404640536,0.12971580693046075,0.0004777955382583918,0.0009144069385198495,0.0014682327816337426,0.003980498740570199,0.004559897858287974,0.0005293354865365665
2021-08-19,0.13508582945305442,0.07578147502983253,0.7644153764014949,0.6955921549146422,0.3848913784331231,0.14023098483868715,0.0005646674543053721,0.0010287078058348307,0.0019353977576081153,0.004577573551655728,0.005219883074619128,0.0005293354865365665
2021-08-20,0.14642261449718533,0.08526844701697596,0.8472370528563802,0.7443532644866271,0.40997081665370694,0.14894356081978902,0.0006515393703523524,0.0009144069385198495,0.0020688734650293646,0.004577573551655728,0.006299858883161017,0.0006151736735424962
2021-08-21,0.1585412467857391,0.07608627734267248,0.9240523224773092,0.7929153491215836,0.4451900277433785,0.15520974847122188,0.0006949753283758426,0.0008001060712048683,0.002402562733582488,0.005174648362741258,0.0073198360356728,0.0006867054960474375
2021-08-22,0.16392730558065188,0.07608627734267248,0.944874532835024,0.8382930347640838,0.4507699027541783,0.1586003568579561,0.0006515393703523524,0.0008001060712048683,0.0030699412706887345,0.0057717231738267875,0.00755983065979322,0.0007296245895504024
2021-08-23,0.16392730558065188,0.10793811903444724,0.9429391350774159,0.8321232617162,0.42227054113987844,0.17319284864896414,0.0006081034123288623,0.0014859112750947555,0.003937533368926855,0.007164897733026357,0.008579807812305005,0.0007296245895504024
2021-08-24,0.18998888039474598,0.10938593002043699,1.0204217832354512,0.9045683387945775,0.47728930871948466,0.18646915490588128,0.0006081034123288623,0.0014859112750947555,0.004671649759743727,0.008757097229254437,0.010019775557027521,0.0007439309540513907
2021-08-25,0.2070592118979776,0.12237812860523986,1.0722103577148958,0.9344220793488541,0.4874290815885724,0.19852942018021438,0.0006515393703523524,0.0016002121424097365,0.005272290443139349,0.008757097229254437,0.01085975674144899,0.0008011564120553439
2021-08-26,0.22491139064563206,0.13037918931728854,1.0804858515750133,0.9799987899283829,0.4876690762126928,0.21222061100766018,0.0006515393703523524,0.001981215033459674,0.006139882541377469,0.009354172040339967,0.01157974061381025,0.0008154627765563321
2021-08-27,0.24224233789700464,0.13952325870248702,1.0712760277629472,1.0076632561753458,0.4802892415209899,0.22335096258942908,0.0006081034123288623,0.0024384185027195985,0.006673785371062467,0.009155147103311456,0.012599717766322033,0.0008583818700592969
2021-08-28,0.258313642365696,0.12317823467644472,1.0473171382808328,1.0082603309864313,0.4755493476946116,0.2336801577591426,0.0006515393703523524,0.002400318213614605,0.007608115323011212,0.009752221914396985,0.012599717766322033,0.0008869945990612735
2021-08-29,0.2630915977482799,0.12317823467644472,1.0040042712226376,0.9999012836312339,0.44033013660494,0.23671310703335213,0.0006515393703523524,0.002400318213614605,0.009476775226908703,0.009951246851425496,0.012899711046472558,0.0008583818700592969
2021-08-30,0.2610066717631524,0.164059844886103,0.953950880939669,0.9602953211625603,0.40511092551526845,0.2523499634329323,0.0007384112863993328,0.002667020237349561,0.010077415910304324,0.009752221914396985,0.013979686855014446,0.0009156073280632501
2021-08-31,0.28954409618458543,0.15026754023009525,0.9750400427122263,0.9967168846387777,0.4375101997715251,0.2687164444220629,0.0008687191604698032,0.002400318213614605,0.010678056593699947,0.008757097229254437,0.014579673415315497,0.001058670973073133
2021-09-01,0.29744944054486067,0.16447894806625793,0.974572877736252,0.9788046403062118,0.4192106096823431,0.28488263630817967,0.0009121551184932934,0.0024765187918245925,0.01127869727709557,0.008359047355197416,0.014219681479134867,0.001158815524580051
2021-09-02,0.29784036416707205,0.16207862985264332,0.9125734116390817,0.954722622925762,0.3949711526461807,0.30200735461586264,0.0009555910765167836,0.003390925730344442,0.012479978643886813,0.007562947607083377,0.013919688198984342,0.001273266440587957
2021-09-03,0.2981444158732365,0.16897478218064718,0.8641884676988788,0.9115342115905755,0.3733116378193128,0.31873149471751794,0.0009555910765167836,0.003505226597659423,0.01314735718099306,0.008757097229254437,0.013859689542954237,0.00141633008559784
2021-09-04,0.30088088122871637,0.14546690380286606,0.8094634276561665,0.8878502440841828,0.3538720732655588,0.3339391601820685,0.0010858989505872542,0.002933722261084517,0.013481046449546183,0.008956122166282946,0.013619694918833818,0.001573700095108711
2021-09-05,0.30048995760650493,0.14546690380286606,0.7426588360918313,0.8550111294744787,0.32267277212990425,0.3408920533295488,0.0010858989505872542,0.002933722261084517,0.013881473571809931,0.008956122166282946,0.013379700294713397,0.0017453764691205704
2021-09-06,0.28893599277225657,0.1926350617148483,0.6665109450080086,0.8164002916909477,0.2947733970759055,0.3749555072064019,0.0011727708666342345,0.0046101349817042414,0.013347570742124934,0.010747346599539536,0.013679693574863922,0.0018884401141304533
2021-09-07,0.29996872611022307,0.17910945908257553,0.6657100907634811,0.8522247803560795,0.31769288367940557,0.41406910775210387,0.0012162068246577245,0.0048387367163342035,0.013881473571809931,0.010747346599539536,0.013679693574863922,0.0020458101236413245
2021-09-08,0.3010546250608103,0.19648319091445265,0.6420848905499199,0.8392881594492263,0.30755311081031783,0.4520095864087248,0.0013030787407047049,0.005638842787539072,0.013747997864388682,0.011145396473596556,0.012899711046472558,0.0021888737686512074
2021-09-09,0.3017496003891862,0.19221595853469337,0.5626001067805659,0.8345115609605421,0.2685539843907496,0.48756090219368065,0.0013030787407047049,0.0061341465459039905,0.013547784303256807,0.010548321662511026,0.013199704326623082,0.0023033246846591135
2021-09-10,0.30713565918409896,0.2028078389058816,0.5007341163908169,0.8339144861494565,0.2574542330251802,0.5242567271387156,0.0013030787407047049,0.005638842787539072,0.013414308595835558,0.011742471284682086,0.013619694918833818,0.0024463883296689964
2021-09-11,0.3060063242754882,0.1719085044417317,0.4389348638547784,0.8500355060487659,0.25079438220583855,0.5505518250915321,0.0013465146987281951,0.0050673384509641655,0.012546716497597437,0.009951246851425496,0.013379700294713397,0.0025894519746788793
2021-09-12,0.30079400931266936,0.1719085044417317,0.38194073678590496,0.8510306307339084,0.23615471013449296,0.5720972100300205,0.0013465146987281951,0.0050673384509641655,0.012680192205018686,0.009354172040339967,0.012839712390442454,0.0027182092551877738
2021-09-13,0.2796841337132532,0.23001144532684714,0.3398291510945008,0.8478462317414522,0.21959508107018402,0.621439861193929,0.0014333866147751755,0.0077343586883137265,0.01201281366791244,0.009752221914396985,0.012719715078382243,0.002804047442193703
2021-09-14,0.3010980610188338,0.2120281088692901,0.33101975440469833,0.9280532813639417,0.24203457842544326,0.6732289006875066,0.0014768225727986655,0.0073533557972637895,0.011745862253069941,0.008558072292225927,0.012599717766322033,0.0029041919937006213
2021-09-15,0.31204392244075335,0.22391539907004815,0.29698344901227974,0.9326308549155975,0.23843465906363695,0.7098388874455356,0.0014768225727986655,0.00807726129025867,0.010678056593699947,0.008757097229254437,0.012599717766322033,0.003032949274209516
2021-09-16,0.3060931961915352,0.2229628918424233,0.25286972770955685,0.9718387675102139,0.22979485259530186,0.7380081191479815,0.0015202585308221558,0.008001060712048683,0.0100106780565937,0.008359047355197416,0.012839712390442454,0.003133093825716434
2021-09-17,0.3043991938286191,0.23062104995252702,0.224572877736252,0.9909451614649509,0.24809444268448386,0.7629154997442021,0.0016505664048926262,0.008648765626833576,0.0100106780565937,0.009354172040339967,0.012719715078382243,0.003290463835227305
2021-09-18,0.29883939120161235,0.19892160941717224,0.1961425520555259,0.9961198098276921,0.2459344910674001,0.7723004748568505,0.0016940023629161164,0.007924860133838696,0.008742658836091832,0.009354172040339967,0.013379700294713397,0.0034335274802371877
2021-09-19,0.2949735909375217,0.19892160941717224,0.16878003203416977,0.9768143909359267,0.23129481899605447,0.7693533637696469,0.0017808742789630968,0.007924860133838696,0.008475707421249333,0.010150271788454006,0.013439698950743503,0.0035765911252470706
2021-09-20,0.27703454027382024,0.26453030725597143,0.1436865990389749,0.9505430992481634,0.21269523562672196,0.7896827077255512,0.0019111821530335671,0.011125284418658168,0.007341163908168713,0.011742471284682086,0.012779713734412348,0.0037196547702569535
2021-09-21,0.2971019528806727,0.22646811844008272,0.13794714361986118,0.9875617375354663,0.23501473566992098,0.8037458640300227,0.0019980540690805477,0.00960127285445842,0.006873998932194341,0.012339546095767616,0.012719715078382243,0.0038770247797678247
2021-09-22,0.28950066022656196,0.24509915981242467,0.12479978643886813,0.9483538249408497,0.2301548445314825,0.7962779417605068,0.002084925985127528,0.009677473432668407,0.005605979711692472,0.012140521158739105,0.012239725830141403,0.004063007518280672
2021-09-23,0.27977100562930013,0.23831730835173576,0.1063134009610251,0.9198932589457729,0.2245149708646526,0.7798542353133723,0.0022586698172214884,0.009448871698038444,0.004938601174586226,0.012140521158739105,0.011999731206020985,0.004191764798789566
2021-09-24,0.27473243449857526,0.22627761699455776,0.08735985050720768,0.8579965035299063,0.22253501521565916,0.7635449797822457,0.002432413649315449,0.009944175456403363,0.004271222637479978,0.012339546095767616,0.011399744645719936,0.004320522079298461
2021-09-25,0.2619188268816457,0.188367829335089,0.07461292044847838,0.8273466632275157,0.21245524100260152,0.7438021967708818,0.0026061574814094097,0.008343963313993626,0.0035371062466631074,0.011941496221710595,0.01085975674144899,0.004434972995306367
2021-09-26,0.24845367989436373,0.188367829335089,0.062466631073144686,0.7801777531517589,0.20027551382849024,0.7244027665075417,0.002866773229550351,0.008343963313993626,0.003136679124399359,0.011145396473596556,0.009419788996726472,0.0045494239113142735
2021-09-27,0.227387240252971,0.24307984448985998,0.05245595301655099,0.7425620400533706,0.1850958538528737,0.7455904923335053,0.0031708249357147817,0.011620588177023087,0.0026695141484249867,0.011344421410625066,0.008819802436425423,0.0046781811918231685
2021-09-28,0.2335985822503301,0.21115180221987523,0.05379071009076348,0.7594791597007938,0.2036954372222062,0.7748183950090244,0.003518312599902703,0.009715573721773401,0.002802989855846236,0.010946371536568045,0.009479787652756578,0.004778325743330087
2021-09-29,0.22525887830982,0.21602863922531443,0.04664975974372664,0.7351981173833156,0.19757557430713552,0.7882520712754524,0.0039526721801376044,0.009791774299983388,0.002469300587293113,0.010150271788454006,0.009419788996726472,0.004878470294837004
2021-09-30,0.21870004864827297,0.20631306550354103,0.03897490656700481,0.7174848979877783,0.1976955716191957,0.7932306861217963,0.004213287928278546,0.009639373143563413,0.002402562733582488,0.009752221914396985,0.009419788996726472,0.004992921210844911
2021-10-01,0.21344429772743068,0.2028459391949866,0.03290176187933796,0.710320000254752,0.1910957194558842,0.804547020442078,0.004169851970255056,0.009753674010878394,0.002402562733582488,0.009752221914396985,0.008639806468335108,0.0050644530333498515
2021-10-02,0.2014125373549239,0.1804048689121453,0.03103310197544047,0.7093248755696093,0.1596564236961092,0.8038317022170286,0.0039526721801376044,0.008115361579363664,0.002402562733582488,0.009553196977368476,0.00755983065979322,0.005221823042860723
2021-10-03,0.19285565362429632,0.1804048689121453,0.026695141484249868,0.6788740602042473,0.1756160662001171,0.7915568414751807,0.0036486204739731736,0.008115361579363664,0.00200213561131874,0.008359047355197416,0.007619829315823325,0.005321967594367641
2021-10-04,0.16944367224963514,0.23683139707664103,0.02202349172450614,0.6681267136047078,0.16601628123530032,0.8000548219887678,0.0031708249357147817,0.011582487887918094,0.0017351841964762414,0.009553196977368476,0.007499832003763115,0.005422112145874559
2021-10-05,0.19242129404406141,0.21004689383583042,0.02302455953016551,0.6816604093226465,0.18317589685991034,0.8065499114722164,0.0031273889776912917,0.010096576612823338,0.0016684463427656167,0.009553196977368476,0.007979821252003954,0.0054936439683795
2021-10-06,0.19146570296754464,0.20334124295335151,0.021222637479978643,0.6502144692721419,0.17969597481016425,0.7877084294244149,0.002866773229550351,0.00990607516729837,0.001201281366791244,0.010150271788454006,0.00767982797185343,0.005565175790884442
2021-10-07,0.1850806171380916,0.21431412621558973,0.018820074746396156,0.6350885740579751,0.17585606082423752,0.7706409365747358,0.0026495934394329,0.009867974878193376,0.0010678056593699946,0.010548321662511026,0.008219815876124375,0.005651013977890372
2021-10-08,0.1753509625408298,0.20265543774946165,0.017485317672183663,0.6175743795994663,0.1693762059729862,0.7542172301276012,0.002388977691291959,0.009791774299983388,0.0008675920982381207,0.011344421410625066,0.007859823939943745,0.005679626706892348
